question_id,question
q001,What is 9643 - 9296?
q002,What is 8143 - 4341?
q003,What is 5092 + 6244?
q004,What is 2741 - 1204?
q005,What is 7330 - 4179?
q006,What is 52 × 67?
q007,What is 2719 - 588?
q008,What is 5230 - 1148?
q009,What is 3787 + 2859?
q010,What is 7544 + 3960?
q011,What is 9289 - 7986?
q012,What is 4752 - 389?
q013,What is 3848 + 5033?
q014,What is 3294 + 4079?
q015,What is 7998 - 621?
q016,What is 8699 + 8170?
q017,What is 9096 - 2693?
q018,What is 36 × 16?
q019,What is 20 × 38?
q020,What is 30 × 16?
q021,What is 22 × 39?
q022,What is 8785 + 7342?
q023,What is 6263 + 3304?
q024,What is 8888 - 149?
q025,What is 7551 + 9236?
q026,What is 72 × 24?
q027,What is 5092 + 6244?
q028,What is 8998 - 2819?
q029,What is 47 × 69?
q030,What is 3862 + 5195?
q031,What is 8982 - 1158?
q032,What is 84 × 88?
q033,What is 9018 + 9680?
q034,What is 8292 + 5159?
q035,What is 71 × 56?
q036,What is 6427 - 2713?
q037,What is 3869 + 5437?
q038,What is 8888 - 149?
q039,What is 5375 + 7694?
q040,What is 5438 - 4050?
q041,What is 5845 - 5097?
q042,What is 38 × 42?
q043,What is 502 + 8984?
q044,What is 49 × 33?
q045,What is 8433 - 2213?
q046,What is 65 × 58?
q047,What is 15 × 57?
q048,What is 7907 + 1406?
q049,What is 8998 - 2819?
q050,What is 49 × 33?
q051,What is 47 × 69?
q052,What is 22 × 76?
q053,What is 6181 + 9779?
q054,What is 3862 + 5195?
q055,What is 9346 + 4644?
q056,What is 71 × 58?
