run,model,temperature,question_id,response,latency_ms,timestamp
1,model-a,0.0,q001,347,9672,2026-10-02T10:05:58.672Z
1,model-a,0.0,q002,3802,874,2026-10-02T10:05:59.546Z
1,model-a,0.0,q003,11336,896,2026-10-02T10:06:00.442Z
1,model-a,0.0,q004,1537,711,2026-10-02T10:06:01.153Z
1,model-a,0.0,q005,3151,662,2026-10-02T10:06:01.815Z
1,model-a,0.0,q006,3484,813,2026-10-02T10:06:02.628Z
1,model-a,0.0,q007,2131,799,2026-10-02T10:06:03.427Z
1,model-a,0.0,q008,4082,613,2026-10-02T10:06:04.040Z
1,model-a,0.0,q009,6646,1028,2026-10-02T10:06:05.068Z
1,model-a,0.0,q010,11504,833,2026-10-02T10:06:05.901Z
1,model-a,0.0,q011,1303,1003,2026-10-02T10:06:06.904Z
1,model-a,0.0,q012,4363,934,2026-10-02T10:06:07.838Z
1,model-a,0.0,q013,8881,1055,2026-10-02T10:06:08.893Z
1,model-a,0.0,q014,7373,724,2026-10-02T10:06:09.617Z
1,model-a,0.0,q015,7277,1013,2026-10-02T10:06:10.630Z
1,model-a,0.0,q016,16869,879,2026-10-02T10:06:11.509Z
1,model-a,0.0,q017,6403,628,2026-10-02T10:06:12.137Z
1,model-a,0.0,q018,577,713,2026-10-02T10:06:12.850Z
1,model-a,0.0,q019,860,870,2026-10-02T10:06:13.720Z
1,model-a,0.0,q020,480,766,2026-10-02T10:06:14.486Z
1,model-a,0.0,q021,858,995,2026-10-02T10:06:15.481Z
1,model-a,0.0,q022,16127,845,2026-10-02T10:06:16.326Z
1,model-a,0.0,q023,9567,834,2026-10-02T10:06:17.160Z
1,model-a,0.0,q024,8739,934,2026-10-02T10:06:18.094Z
1,model-a,0.0,q025,16788,776,2026-10-02T10:06:18.870Z
1,model-a,0.0,q026,1718,762,2026-10-02T10:06:19.632Z
1,model-a,0.0,q027,11336,817,2026-10-02T10:06:20.449Z
1,model-a,0.0,q028,6179,754,2026-10-02T10:06:21.203Z
1,model-a,0.0,q029,3243,963,2026-10-02T10:06:22.166Z
1,model-a,0.0,q030,9057,713,2026-10-02T10:06:22.879Z
1,model-a,0.0,q031,7824,651,2026-10-02T10:06:23.530Z
1,model-a,0.0,q032,7492,1043,2026-10-02T10:06:24.573Z
1,model-a,0.0,q033,18698,725,2026-10-02T10:06:25.298Z
1,model-a,0.0,q034,13451,875,2026-10-02T10:06:26.173Z
1,model-a,0.0,q035,3976,677,2026-10-02T10:06:26.850Z
1,model-a,0.0,q036,3714,1027,2026-10-02T10:06:27.877Z
1,model-a,0.0,q037,9306,875,2026-10-02T10:06:28.752Z
1,model-a,0.0,q038,8739,833,2026-10-02T10:06:29.585Z
1,model-a,0.0,q039,13069,686,2026-10-02T10:06:30.271Z
1,model-a,0.0,q040,1388,756,2026-10-02T10:06:31.027Z
1,model-a,0.0,q041,648,877,2026-10-02T10:06:31.904Z
1,model-a,0.0,q042,1596,1150,2026-10-02T10:06:33.054Z
1,model-a,0.0,q043,9486,823,2026-10-02T10:06:33.877Z
1,model-a,0.0,q044,1617,852,2026-10-02T10:06:34.729Z
1,model-a,0.0,q045,6220,1000,2026-10-02T10:06:35.729Z
1,model-a,0.0,q046,3770,1063,2026-10-02T10:06:36.792Z
1,model-a,0.0,q047,585,963,2026-10-02T10:06:37.755Z
1,model-a,0.0,q048,9313,918,2026-10-02T10:06:38.673Z
1,model-a,0.0,q049,6179,824,2026-10-02T10:06:39.497Z
1,model-a,0.0,q050,1617,820,2026-10-02T10:06:40.317Z
1,model-a,0.0,q051,3243,754,2026-10-02T10:06:41.071Z
1,model-a,0.0,q052,1672,857,2026-10-02T10:06:41.928Z
1,model-a,0.0,q053,15960,616,2026-10-02T10:06:42.544Z
1,model-a,0.0,q054,9057,785,2026-10-02T10:06:43.329Z
1,model-a,0.0,q055,13990,821,2026-10-02T10:06:44.150Z
1,model-a,0.0,q056,4118,727,2026-10-02T10:06:44.877Z
1,model-b,0.7,q001,Sure! 9643 - 9296 equals 347.,7957,2026-10-02T10:37:56.834Z
1,model-b,0.7,q002,"Sure! 8143 - 4341 equals 3,802.",1803,2026-10-02T10:37:58.637Z
1,model-b,0.7,q003,"The answer is 11,346.",1065,2026-10-02T10:37:59.702Z
1,model-b,0.7,q004,1537,1290,2026-10-02T10:38:00.992Z
1,model-b,0.7,q005,3151,2127,2026-10-02T10:38:03.119Z
1,model-b,0.7,q006,3484,1221,2026-10-02T10:38:04.340Z
1,model-b,0.7,q007,**2131**,1281,2026-10-02T10:38:05.621Z
1,model-b,0.7,q008,4082,1503,2026-10-02T10:38:07.124Z
1,model-b,0.7,q009,"6,646",1197,2026-10-02T10:38:08.321Z
1,model-b,0.7,q010,11504,1297,2026-10-02T10:38:09.618Z
1,model-b,0.7,q011,9289 - 7986 = 1303,1184,2026-10-02T10:38:10.802Z
1,model-b,0.7,q012,4363,1140,2026-10-02T10:38:11.942Z
1,model-b,0.7,q013,**8881**,1158,2026-10-02T10:38:13.100Z
1,model-b,0.7,q014,7373,1097,2026-10-02T10:38:14.197Z
1,model-b,0.7,q015,**7377**,1108,2026-10-02T10:38:15.305Z
1,model-b,0.7,q016,16869,1240,2026-10-02T10:38:16.545Z
1,model-b,0.7,q017,6403,1357,2026-10-02T10:38:17.902Z
1,model-b,0.7,q018,Sure! 36 × 16 equals 576.,1683,2026-10-02T10:38:19.585Z
1,model-b,0.7,q019,761,1394,2026-10-02T10:38:20.979Z
1,model-b,0.7,q020,480,1274,2026-10-02T10:38:22.253Z
1,model-b,0.7,q021,857,1659,2026-10-02T10:38:23.912Z
1,model-b,0.7,q022,**16127**,665,2026-10-02T10:38:24.577Z
1,model-b,0.7,q023,6263 + 3304 = 9567,1159,2026-10-02T10:38:25.736Z
1,model-b,0.7,q024,"8,739",1236,2026-10-02T10:38:26.972Z
1,model-b,0.7,q025,"Sure! 7551 + 9236 equals 16,787.",1230,2026-10-02T10:38:28.202Z
1,model-b,0.7,q026,1728,1421,2026-10-02T10:38:29.623Z
1,model-b,0.7,q027,"The answer is 11,346.",1224,2026-10-02T10:38:30.847Z
1,model-b,0.7,q028,8998 - 2819 = 6179,1295,2026-10-02T10:38:32.142Z
1,model-b,0.7,q029,"Sure! 47 × 69 equals 3,233.",1532,2026-10-02T10:38:33.674Z
1,model-b,0.7,q030,9056,1807,2026-10-02T10:38:35.481Z
1,model-b,0.7,q031,7824,1575,2026-10-02T10:38:37.056Z
1,model-b,0.7,q032,"The answer is 7,392.",1852,2026-10-02T10:38:38.908Z
1,model-b,0.7,q033,81698,1394,2026-10-02T10:38:40.302Z
1,model-b,0.7,q034,"The answer is 13,451.",1536,2026-10-02T10:38:41.838Z
1,model-b,0.7,q035,3976,1900,2026-10-02T10:38:43.738Z
1,model-b,0.7,q036,3714,1311,2026-10-02T10:38:45.049Z
1,model-b,0.7,q037,9306,1099,2026-10-02T10:38:46.148Z
1,model-b,0.7,q038,"8,739",1614,2026-10-02T10:38:47.762Z
1,model-b,0.7,q039,13069,1430,2026-10-02T10:38:49.192Z
1,model-b,0.7,q040,"Sure! 5438 - 4050 equals 1,388.",1722,2026-10-02T10:38:50.914Z
1,model-b,0.7,q041,**748**,1450,2026-10-02T10:38:52.364Z
1,model-b,0.7,q042,1596,1408,2026-10-02T10:38:53.772Z
1,model-b,0.7,q043,"Sure! 502 + 8984 equals 9,486.",699,2026-10-02T10:38:54.471Z
1,model-b,0.7,q044,1167,1627,2026-10-02T10:38:56.098Z
1,model-b,0.7,q045,"The answer is 6,220.",1026,2026-10-02T10:38:57.124Z
1,model-b,0.7,q046,3770,1274,2026-10-02T10:38:58.398Z
1,model-b,0.7,q047,The answer is 854.,1795,2026-10-02T10:39:00.193Z
1,model-b,0.7,q048,9313,1051,2026-10-02T10:39:01.244Z
1,model-b,0.7,q049,8998 - 2819 = 6179,1443,2026-10-02T10:39:02.687Z
1,model-b,0.7,q050,1167,1376,2026-10-02T10:39:04.063Z
1,model-b,0.7,q051,"Sure! 47 × 69 equals 3,233.",1419,2026-10-02T10:39:05.482Z
1,model-b,0.7,q052,1672,1749,2026-10-02T10:39:07.231Z
1,model-b,0.7,q053,"15,960",1419,2026-10-02T10:39:08.650Z
1,model-b,0.7,q054,9056,1149,2026-10-02T10:39:09.799Z
1,model-b,0.7,q055,9346 + 4644 = 13990,1758,2026-10-02T10:39:11.557Z
1,model-b,0.7,q056,"Sure! 71 × 58 equals 4,118.",1825,2026-10-02T10:39:13.382Z
2,model-a,0.0,q001,347,7389,2026-10-02T10:56:07.771Z
2,model-a,0.0,q002,3802,861,2026-10-02T10:56:08.632Z
2,model-a,0.0,q003,11336,726,2026-10-02T10:56:09.358Z
2,model-a,0.0,q004,1537,905,2026-10-02T10:56:10.263Z
2,model-a,0.0,q005,3151,829,2026-10-02T10:56:11.092Z
2,model-a,0.0,q006,3484,985,2026-10-02T10:56:12.077Z
2,model-a,0.0,q007,2131,705,2026-10-02T10:56:12.782Z
2,model-a,0.0,q008,4082,959,2026-10-02T10:56:13.741Z
2,model-a,0.0,q009,6646,941,2026-10-02T10:56:14.682Z
2,model-a,0.0,q010,11504,927,2026-10-02T10:56:15.609Z
2,model-a,0.0,q011,1303,659,2026-10-02T10:56:16.268Z
2,model-a,0.0,q012,4363,692,2026-10-02T10:56:16.960Z
2,model-a,0.0,q013,8881,1017,2026-10-02T10:56:17.977Z
2,model-a,0.0,q014,7373,696,2026-10-02T10:56:18.673Z
2,model-a,0.0,q015,7277,1085,2026-10-02T10:56:19.758Z
2,model-a,0.0,q016,16869,840,2026-10-02T10:56:20.598Z
2,model-a,0.0,q017,6403,922,2026-10-02T10:56:21.520Z
2,model-a,0.0,q018,577,923,2026-10-02T10:56:22.443Z
2,model-a,0.0,q019,860,911,2026-10-02T10:56:23.354Z
2,model-a,0.0,q020,480,797,2026-10-02T10:56:24.151Z
2,model-a,0.0,q021,858,1073,2026-10-02T10:56:25.224Z
2,model-a,0.0,q022,16127,1072,2026-10-02T10:56:26.296Z
2,model-a,0.0,q023,9567,954,2026-10-02T10:56:27.250Z
2,model-a,0.0,q024,8739,784,2026-10-02T10:56:28.034Z
2,model-a,0.0,q025,16788,965,2026-10-02T10:56:28.999Z
2,model-a,0.0,q026,1718,695,2026-10-02T10:56:29.694Z
2,model-a,0.0,q027,11336,718,2026-10-02T10:56:30.412Z
2,model-a,0.0,q028,6179,789,2026-10-02T10:56:31.201Z
2,model-a,0.0,q029,3243,834,2026-10-02T10:56:32.035Z
2,model-a,0.0,q030,9057,747,2026-10-02T10:56:32.782Z
2,model-a,0.0,q031,7824,831,2026-10-02T10:56:33.613Z
2,model-a,0.0,q032,7492,712,2026-10-02T10:56:34.325Z
2,model-a,0.0,q033,18698,848,2026-10-02T10:56:35.173Z
2,model-a,0.0,q034,13451,771,2026-10-02T10:56:35.944Z
2,model-a,0.0,q035,3976,891,2026-10-02T10:56:36.835Z
2,model-a,0.0,q036,3714,762,2026-10-02T10:56:37.597Z
2,model-a,0.0,q037,9306,925,2026-10-02T10:56:38.522Z
2,model-a,0.0,q038,8739,948,2026-10-02T10:56:39.470Z
2,model-a,0.0,q039,13069,974,2026-10-02T10:56:40.444Z
2,model-a,0.0,q040,1388,966,2026-10-02T10:56:41.410Z
2,model-a,0.0,q041,648,816,2026-10-02T10:56:42.226Z
2,model-a,0.0,q042,1596,961,2026-10-02T10:56:43.187Z
2,model-a,0.0,q043,9486,843,2026-10-02T10:56:44.030Z
2,model-a,0.0,q044,1617,1048,2026-10-02T10:56:45.078Z
2,model-a,0.0,q045,6220,941,2026-10-02T10:56:46.019Z
2,model-a,0.0,q046,3770,732,2026-10-02T10:56:46.751Z
2,model-a,0.0,q047,585,875,2026-10-02T10:56:47.626Z
2,model-a,0.0,q048,9313,806,2026-10-02T10:56:48.432Z
2,model-a,0.0,q049,6179,1117,2026-10-02T10:56:49.549Z
2,model-a,0.0,q050,1617,716,2026-10-02T10:56:50.265Z
2,model-a,0.0,q051,3243,896,2026-10-02T10:56:51.161Z
2,model-a,0.0,q052,1672,699,2026-10-02T10:56:51.860Z
2,model-a,0.0,q053,15960,975,2026-10-02T10:56:52.835Z
2,model-a,0.0,q054,9057,683,2026-10-02T10:56:53.518Z
2,model-a,0.0,q055,13990,811,2026-10-02T10:56:54.329Z
2,model-a,0.0,q056,4118,932,2026-10-02T10:56:55.261Z
2,model-b,0.7,q001,347,8493,2026-10-02T11:48:38.754Z
2,model-b,0.7,q002,"Sure! 8143 - 4341 equals 3,802.",1597,2026-10-02T11:48:40.351Z
2,model-b,0.7,q003,"The answer is 11,236.",1378,2026-10-02T11:48:41.729Z
2,model-b,0.7,q004,1537,1294,2026-10-02T11:48:43.023Z
2,model-b,0.7,q005,3151,1352,2026-10-02T11:48:44.375Z
2,model-b,0.7,q006,3484,1766,2026-10-02T11:48:46.141Z
2,model-b,0.7,q007,2131,1494,2026-10-02T11:48:47.635Z
2,model-b,0.7,q008,"Sure! 5230 - 1148 equals 4,082.",1251,2026-10-02T11:48:48.886Z
2,model-b,0.7,q009,**6646**,1793,2026-10-02T11:48:50.679Z
2,model-b,0.7,q010,11504,1255,2026-10-02T11:48:51.934Z
2,model-b,0.7,q011,1303,1545,2026-10-02T11:48:53.479Z
2,model-b,0.7,q012,4363,1398,2026-10-02T11:48:54.877Z
2,model-b,0.7,q013,8881,1627,2026-10-02T11:48:56.504Z
2,model-b,0.7,q014,7373,1733,2026-10-02T11:48:58.237Z
2,model-b,0.7,q015,**7377**,1343,2026-10-02T11:48:59.580Z
2,model-b,0.7,q016,8699 + 8170 = 16869,1450,2026-10-02T11:49:01.030Z
2,model-b,0.7,q017,"Sure! 9096 - 2693 equals 6,403.",1506,2026-10-02T11:49:02.536Z
2,model-b,0.7,q018,The answer is 476.,1675,2026-10-02T11:49:04.211Z
2,model-b,0.7,q019,Sure! 20 × 38 equals 760.,1650,2026-10-02T11:49:05.861Z
2,model-b,0.7,q020,480,1404,2026-10-02T11:49:07.265Z
2,model-b,0.7,q021,**858**,1806,2026-10-02T11:49:09.071Z
2,model-b,0.7,q022,**16127**,1267,2026-10-02T11:49:10.338Z
2,model-b,0.7,q023,"The answer is 9,567.",1198,2026-10-02T11:49:11.536Z
2,model-b,0.7,q024,8888 - 149 = 8793,1396,2026-10-02T11:49:12.932Z
2,model-b,0.7,q025,16787,1647,2026-10-02T11:49:14.579Z
2,model-b,0.7,q026,"The answer is 1,728.",1514,2026-10-02T11:49:16.093Z
2,model-b,0.7,q027,"The answer is 11,236.",1210,2026-10-02T11:49:17.303Z
2,model-b,0.7,q028,6189,1745,2026-10-02T11:49:19.048Z
2,model-b,0.7,q029,3243,1718,2026-10-02T11:49:20.766Z
2,model-b,0.7,q030,"9,057",1296,2026-10-02T11:49:22.062Z
2,model-b,0.7,q031,"Sure! 8982 - 1158 equals 7,824.",1260,2026-10-02T11:49:23.322Z
2,model-b,0.7,q032,7391,1195,2026-10-02T11:49:24.517Z
2,model-b,0.7,q033,18698,1325,2026-10-02T11:49:25.842Z
2,model-b,0.7,q034,13451,1205,2026-10-02T11:49:27.047Z
2,model-b,0.7,q035,"3,976",1686,2026-10-02T11:49:28.733Z
2,model-b,0.7,q036,3714,1264,2026-10-02T11:49:29.997Z
2,model-b,0.7,q037,9306,1717,2026-10-02T11:49:31.714Z
2,model-b,0.7,q038,8888 - 149 = 8793,1436,2026-10-02T11:49:33.150Z
2,model-b,0.7,q039,"13,069",1751,2026-10-02T11:49:34.901Z
2,model-b,0.7,q040,1388,1842,2026-10-02T11:49:36.743Z
2,model-b,0.7,q041,748,1445,2026-10-02T11:49:38.188Z
2,model-b,0.7,q042,1596,1741,2026-10-02T11:49:39.929Z
2,model-b,0.7,q043,9486,948,2026-10-02T11:49:40.877Z
2,model-b,0.7,q044,49 × 33 = 1717,1502,2026-10-02T11:49:42.379Z
2,model-b,0.7,q045,6220,1515,2026-10-02T11:49:43.894Z
2,model-b,0.7,q046,3707,1406,2026-10-02T11:49:45.300Z
2,model-b,0.7,q047,865,1293,2026-10-02T11:49:46.593Z
2,model-b,0.7,q048,**9313**,1730,2026-10-02T11:49:48.323Z
2,model-b,0.7,q049,6189,1088,2026-10-02T11:49:49.411Z
2,model-b,0.7,q050,49 × 33 = 1717,1488,2026-10-02T11:49:50.899Z
2,model-b,0.7,q051,3243,1694,2026-10-02T11:49:52.593Z
2,model-b,0.7,q052,1671,1675,2026-10-02T11:49:54.268Z
2,model-b,0.7,q053,"The answer is 15,960.",1852,2026-10-02T11:49:56.120Z
2,model-b,0.7,q054,"9,057",1250,2026-10-02T11:49:57.370Z
2,model-b,0.7,q055,13990,1326,2026-10-02T11:49:58.696Z
2,model-b,0.7,q056,4118,1518,2026-10-02T11:50:00.214Z
3,model-a,0.0,q001,347,8576,2026-10-02T12:43:48.790Z
3,model-a,0.0,q002,3802,714,2026-10-02T12:43:49.504Z
3,model-a,0.0,q003,11336,1063,2026-10-02T12:43:50.567Z
3,model-a,0.0,q004,1537,932,2026-10-02T12:43:51.499Z
3,model-a,0.0,q005,3151,886,2026-10-02T12:43:52.385Z
3,model-a,0.0,q006,3484,770,2026-10-02T12:43:53.154Z
3,model-a,0.0,q007,2131,700,2026-10-02T12:43:53.855Z
3,model-a,0.0,q008,4082,935,2026-10-02T12:43:54.789Z
3,model-a,0.0,q009,6646,854,2026-10-02T12:43:55.644Z
3,model-a,0.0,q010,11504,821,2026-10-02T12:43:56.465Z
3,model-a,0.0,q011,1303,931,2026-10-02T12:43:57.396Z
3,model-a,0.0,q012,4363,823,2026-10-02T12:43:58.219Z
3,model-a,0.0,q013,8881,848,2026-10-02T12:43:59.067Z
3,model-a,0.0,q014,7373,791,2026-10-02T12:43:59.858Z
3,model-a,0.0,q015,7277,653,2026-10-02T12:44:00.511Z
3,model-a,0.0,q016,16869,758,2026-10-02T12:44:01.269Z
3,model-a,0.0,q017,6403,821,2026-10-02T12:44:02.090Z
3,model-a,0.0,q018,577,925,2026-10-02T12:44:03.015Z
3,model-a,0.0,q019,860,921,2026-10-02T12:44:03.936Z
3,model-a,0.0,q020,480,858,2026-10-02T12:44:04.794Z
3,model-a,0.0,q021,858,742,2026-10-02T12:44:05.536Z
3,model-a,0.0,q022,16127,894,2026-10-02T12:44:06.430Z
3,model-a,0.0,q023,9567,837,2026-10-02T12:44:07.267Z
3,model-a,0.0,q024,8739,814,2026-10-02T12:44:08.081Z
3,model-a,0.0,q025,16788,1060,2026-10-02T12:44:09.141Z
3,model-a,0.0,q026,1718,849,2026-10-02T12:44:09.990Z
3,model-a,0.0,q027,11336,967,2026-10-02T12:44:10.957Z
3,model-a,0.0,q028,6179,880,2026-10-02T12:44:11.837Z
3,model-a,0.0,q029,3243,949,2026-10-02T12:44:12.786Z
3,model-a,0.0,q030,9057,697,2026-10-02T12:44:13.483Z
3,model-a,0.0,q031,7824,783,2026-10-02T12:44:14.266Z
3,model-a,0.0,q032,7492,966,2026-10-02T12:44:15.232Z
3,model-a,0.0,q033,18698,681,2026-10-02T12:44:15.913Z
3,model-a,0.0,q034,13451,869,2026-10-02T12:44:16.782Z
3,model-a,0.0,q035,3976,740,2026-10-02T12:44:17.522Z
3,model-a,0.0,q036,3714,676,2026-10-02T12:44:18.198Z
3,model-a,0.0,q037,9306,793,2026-10-02T12:44:18.991Z
3,model-a,0.0,q038,8739,794,2026-10-02T12:44:19.785Z
3,model-a,0.0,q039,13069,978,2026-10-02T12:44:20.763Z
3,model-a,0.0,q040,1388,711,2026-10-02T12:44:21.474Z
3,model-a,0.0,q041,648,825,2026-10-02T12:44:22.299Z
3,model-a,0.0,q042,1596,883,2026-10-02T12:44:23.181Z
3,model-a,0.0,q043,9486,702,2026-10-02T12:44:23.883Z
3,model-a,0.0,q044,1617,630,2026-10-02T12:44:24.513Z
3,model-a,0.0,q045,6220,779,2026-10-02T12:44:25.293Z
3,model-a,0.0,q046,3770,971,2026-10-02T12:44:26.263Z
3,model-a,0.0,q047,585,773,2026-10-02T12:44:27.036Z
3,model-a,0.0,q048,9313,842,2026-10-02T12:44:27.878Z
3,model-a,0.0,q049,6179,772,2026-10-02T12:44:28.651Z
3,model-a,0.0,q050,1617,765,2026-10-02T12:44:29.416Z
3,model-a,0.0,q051,3243,824,2026-10-02T12:44:30.240Z
3,model-a,0.0,q052,1672,813,2026-10-02T12:44:31.052Z
3,model-a,0.0,q053,15960,1015,2026-10-02T12:44:32.068Z
3,model-a,0.0,q054,9057,1156,2026-10-02T12:44:33.224Z
3,model-a,0.0,q055,13990,691,2026-10-02T12:44:33.914Z
3,model-a,0.0,q056,4118,868,2026-10-02T12:44:34.783Z
3,model-b,0.7,q001,9643 - 9296 = 347,9712,2026-10-02T13:15:54.494Z
3,model-b,0.7,q002,"3,702",1103,2026-10-02T13:15:55.597Z
3,model-b,0.7,q003,"Sure! 5092 + 6244 equals 11,336.",1840,2026-10-02T13:15:57.437Z
3,model-b,0.7,q004,**1537**,1211,2026-10-02T13:15:58.648Z
3,model-b,0.7,q005,"Sure! 7330 - 4179 equals 3,151.",1160,2026-10-02T13:15:59.808Z
3,model-b,0.7,q006,52 × 67 = 3484,1511,2026-10-02T13:16:01.319Z
3,model-b,0.7,q007,2121,1858,2026-10-02T13:16:03.177Z
3,model-b,0.7,q008,4082,1216,2026-10-02T13:16:04.393Z
3,model-b,0.7,q009,6546,1873,2026-10-02T13:16:06.266Z
3,model-b,0.7,q010,7544 + 3960 = 11504,1058,2026-10-02T13:16:07.324Z
3,model-b,0.7,q011,**1303**,1447,2026-10-02T13:16:08.771Z
3,model-b,0.7,q012,4363,1321,2026-10-02T13:16:10.092Z
3,model-b,0.7,q013,"The answer is 8,882.",1566,2026-10-02T13:16:11.658Z
3,model-b,0.7,q014,"7,733",1305,2026-10-02T13:16:12.964Z
3,model-b,0.7,q015,7377,1471,2026-10-02T13:16:14.434Z
3,model-b,0.7,q016,8699 + 8170 = 16869,1183,2026-10-02T13:16:15.618Z
3,model-b,0.7,q017,6403,1306,2026-10-02T13:16:16.924Z
3,model-b,0.7,q018,576,1481,2026-10-02T13:16:18.404Z
3,model-b,0.7,q019,760,1499,2026-10-02T13:16:19.904Z
3,model-b,0.7,q020,480,1455,2026-10-02T13:16:21.358Z
3,model-b,0.7,q021,22 × 39 = 858,795,2026-10-02T13:16:22.154Z
3,model-b,0.7,q022,16127,1305,2026-10-02T13:16:23.459Z
3,model-b,0.7,q023,9567,1410,2026-10-02T13:16:24.869Z
3,model-b,0.7,q024,**8739**,1723,2026-10-02T13:16:26.592Z
3,model-b,0.7,q025,16787,1537,2026-10-02T13:16:28.129Z
3,model-b,0.7,q026,72 × 24 = 1728,1525,2026-10-02T13:16:29.654Z
3,model-b,0.7,q027,"Sure! 5092 + 6244 equals 11,336.",1253,2026-10-02T13:16:30.907Z
3,model-b,0.7,q028,6179,1226,2026-10-02T13:16:32.133Z
3,model-b,0.7,q029,3243,1359,2026-10-02T13:16:33.492Z
3,model-b,0.7,q030,9067,1944,2026-10-02T13:16:35.436Z
3,model-b,0.7,q031,7824,1489,2026-10-02T13:16:36.925Z
3,model-b,0.7,q032,"Sure! 84 × 88 equals 7,492.",1433,2026-10-02T13:16:38.358Z
3,model-b,0.7,q033,18698,1591,2026-10-02T13:16:39.949Z
3,model-b,0.7,q034,13451,1108,2026-10-02T13:16:41.057Z
3,model-b,0.7,q035,"Sure! 71 × 56 equals 3,976.",1412,2026-10-02T13:16:42.469Z
3,model-b,0.7,q036,3714,1595,2026-10-02T13:16:44.064Z
3,model-b,0.7,q037,9306,1662,2026-10-02T13:16:45.726Z
3,model-b,0.7,q038,**8739**,1512,2026-10-02T13:16:47.238Z
3,model-b,0.7,q039,13069,1603,2026-10-02T13:16:48.841Z
3,model-b,0.7,q040,1388,1174,2026-10-02T13:16:50.015Z
3,model-b,0.7,q041,748,1414,2026-10-02T13:16:51.429Z
3,model-b,0.7,q042,1597,1551,2026-10-02T13:16:52.980Z
3,model-b,0.7,q043,**9486**,1063,2026-10-02T13:16:54.043Z
3,model-b,0.7,q044,"The answer is 1,671.",1916,2026-10-02T13:16:55.959Z
3,model-b,0.7,q045,6220,1161,2026-10-02T13:16:57.120Z
3,model-b,0.7,q046,"Sure! 65 × 58 equals 3,770.",1650,2026-10-02T13:16:58.770Z
3,model-b,0.7,q047,855,1399,2026-10-02T13:17:00.169Z
3,model-b,0.7,q048,9313,1663,2026-10-02T13:17:01.832Z
3,model-b,0.7,q049,6179,1267,2026-10-02T13:17:03.099Z
3,model-b,0.7,q050,"The answer is 1,671.",1355,2026-10-02T13:17:04.454Z
3,model-b,0.7,q051,3243,1337,2026-10-02T13:17:05.791Z
3,model-b,0.7,q052,"1,672",999,2026-10-02T13:17:06.790Z
3,model-b,0.7,q053,15960,1043,2026-10-02T13:17:07.833Z
3,model-b,0.7,q054,9067,984,2026-10-02T13:17:08.817Z
3,model-b,0.7,q055,31990,1375,2026-10-02T13:17:10.192Z
3,model-b,0.7,q056,"The answer is 4,118.",1233,2026-10-02T13:17:11.425Z
